,player-1,player-2,combined_avg,sum_of_individual
0,KOK Williams,ST Gabriel,16.0,4.17
1,KOK Williams,R Powell,44.16666666666666,25.310000000000002
2,KOK Williams,KA Hope,34.333333333333336,26.17
3,KOK Williams,RR Beaton,19.0,10.67
4,KOK Williams,JO Holder,29.16666666666667,21.990000000000002
5,KOK Williams,SO Hetmyer,40.5,34.67
6,DM Bravo,SP Narine,35.07692307692308,29.07
7,SP Narine,ST Gabriel,10.8,7.23
8,SP Narine,J Charles,32.5,27.48
9,AD Russell,SP Narine,41.0,24.47
10,SP Narine,D Ramdin,30.83333333333333,27.8
11,KC Brathwaite,SP Narine,36.333333333333336,28.45
12,SP Narine,KA Pollard,31.9,26.87
13,MN Samuels,SP Narine,48.46153846153846,39.28
14,LR Johnson,SS Cottrell,19.0,9.04
15,SS Cottrell,ST Gabriel,4.625,3.71
16,SS Cottrell,R Powell,32.0,24.85
17,N Deonarine,SS Cottrell,45.0,29.21
18,HR Walsh,SS Cottrell,11.428571428571427,10.71
19,DJG Sammy,SS Cottrell,40.5,31.11
20,AR Nurse,SS Cottrell,13.923076923076925,13.89
21,AD Russell,SS Cottrell,21.33333333333333,20.95
22,RR Beaton,SS Cottrell,20.0,10.21
23,RA Reifer,SS Cottrell,15.0,6.21
24,SS Cottrell,RL Chase,27.785714285714285,21.970000000000002
25,R Shepherd,SS Cottrell,7.0,5.71
26,SS Cottrell,JD Campbell,54.5,52.31
27,SD Hope,SS Cottrell,52.206896551724135,47.11
28,SS Cottrell,NO Miller,23.0,9.379999999999999
29,SS Cottrell,CR Brathwaite,21.69230769230769,16.63
30,SS Cottrell,FA Allen,19.714285714285715,13.71
31,SO Dowrich,SS Cottrell,10.0,8.71
32,SO Hetmyer,SS Cottrell,34.476190476190474,34.21
33,SS Cottrell,KAJ Roach,10.75,6.89
34,MN Samuels,SS Cottrell,60.5,35.76
35,N Pooran,SS Cottrell,47.157894736842096,43.230000000000004
36,SS Cottrell,O Thomas,5.25,4.43
37,LR Johnson,JL Carter,27.0,24.61
38,ST Gabriel,JL Carter,20.46153846153846,19.28
39,R Powell,JL Carter,45.5,40.42
40,SW Ambris,JL Carter,67.0,52.660000000000004
41,AR Nurse,JL Carter,33.35294117647059,29.46
42,ML Cummins,JL Carter,26.66666666666667,19.71
43,E Lewis,JL Carter,56.25,51.93
44,D Bishoo,JL Carter,33.5,24.200000000000003
45,JD Campbell,JL Carter,179.0,67.88
46,KC Brathwaite,JL Carter,59.16666666666666,40.5
47,SD Hope,JL Carter,74.17647058823529,62.68
48,CR Brathwaite,JL Carter,34.75,32.2
49,KOA Powell,JL Carter,37.0,32.61
50,JO Holder,JL Carter,39.642857142857146,37.1
51,SJ Benn,JL Carter,31.857142857142854,22.28
52,MN Samuels,JL Carter,57.91666666666666,51.33
53,JN Mohammed,JL Carter,50.9,43.230000000000004
54,AS Joseph,JL Carter,28.33333333333333,22.93
55,LR Johnson,AD Russell,34.0,24.57
56,LR Johnson,D Ramdin,36.66666666666666,27.9
57,LR Johnson,CR Brathwaite,29.0,20.25
58,LR Johnson,DR Smith,37.333333333333336,27.03
59,LR Johnson,MN Samuels,46.33333333333334,39.379999999999995
60,DM Bravo,ADS Fletcher,38.3,32.64
61,DM Bravo,HR Walsh,34.5,30.84
62,DM Bravo,J Charles,55.58333333333334,44.09
63,DM Bravo,DJG Sammy,84.0,51.239999999999995
64,DM Bravo,AD Russell,43.2,41.08
65,DM Bravo,D Ramdin,53.14285714285714,44.41
66,DM Bravo,E Lewis,64.0,56.489999999999995
67,DM Bravo,D Bishoo,29.142857142857146,28.759999999999998
68,DM Bravo,JD Campbell,78.0,72.44
69,DM Bravo,KC Brathwaite,58.33333333333334,45.06
70,DM Bravo,SD Hope,90.23529411764706,67.24
71,DM Bravo,CH Gayle,89.375,63.45
72,DM Bravo,CR Brathwaite,42.117647058823536,36.76
73,DM Bravo,KA Pollard,52.30769230769231,43.480000000000004
74,DM Bravo,LMP Simmons,100.5,51.67
75,DM Bravo,JE Taylor,28.625,26.16
76,DM Bravo,DR Smith,45.0,43.54
77,DM Bravo,KMA Paul,46.0,34.45
78,DM Bravo,SJ Benn,35.18181818181818,26.84
79,DM Bravo,MN Samuels,64.33333333333333,55.89
80,DM Bravo,AS Joseph,28.6,27.490000000000002
81,DM Bravo,O Thomas,27.75,24.56
82,R Powell,ST Gabriel,25.5,23.14
83,SW Ambris,ST Gabriel,52.6,35.38
84,AR Nurse,ST Gabriel,12.8125,12.18
85,D Ramdin,ST Gabriel,37.2,22.57
86,ML Cummins,ST Gabriel,7.0,2.4299999999999997
87,CAK Walton,ST Gabriel,12.0,10.0
88,E Lewis,ST Gabriel,37.0,34.65
89,JD Campbell,ST Gabriel,179.0,50.6
90,NO Miller,ST Gabriel,32.0,7.67
91,CR Brathwaite,ST Gabriel,16.8,14.92
92,KA Pollard,ST Gabriel,25.6,21.64
93,FA Allen,ST Gabriel,18.0,12.0
94,KOA Powell,ST Gabriel,17.428571428571427,15.33
95,SJ Benn,ST Gabriel,6.7142857142857135,5.0
96,MN Samuels,ST Gabriel,39.2,34.05
97,JN Mohammed,ST Gabriel,32.5,25.95
98,AS Joseph,ST Gabriel,9.4,5.65
99,N Pooran,ST Gabriel,69.66666666666667,41.52
100,O Thomas,ST Gabriel,3.333333333333333,2.7199999999999998
101,ADS Fletcher,J Charles,38.5,31.05
102,AD Russell,ADS Fletcher,44.0,28.04
103,ADS Fletcher,D Ramdin,34.22222222222222,31.37
104,ADS Fletcher,KA Pollard,42.0,30.44
105,JO Holder,ADS Fletcher,28.66666666666667,28.62
106,ADS Fletcher,JE Taylor,14.666666666666664,13.120000000000001
107,SJ Benn,ADS Fletcher,14.142857142857142,13.8
108,ADS Fletcher,MN Samuels,53.1,42.849999999999994
109,RR Beaton,R Powell,37.0,29.64
110,E Lewis,R Powell,66.15789473684211,55.79
111,CR Brathwaite,R Powell,45.0,36.06
112,JO Holder,R Powell,50.125,40.96
113,SO Hetmyer,R Powell,57.75,53.64
114,KAJ Roach,R Powell,27.9,26.32
115,SJ Benn,R Powell,36.0,26.14
116,N Deonarine,DJG Sammy,70.0,54.9
117,N Deonarine,AD Russell,46.5,44.739999999999995
118,N Deonarine,MN Samuels,64.5,59.55
119,SW Ambris,KA Hope,71.0,57.38
120,AR Nurse,KA Hope,34.5,34.18
121,ML Cummins,KA Hope,26.5,24.43
122,KA Hope,D Bishoo,41.66666666666666,28.92
123,JE Taylor,KA Hope,33.0,26.32
124,MN Samuels,KA Hope,65.0,56.05
125,KA Hope,AS Joseph,40.66666666666666,27.65
126,HR Walsh,BA King,35.75,32.25
127,E Lewis,HR Walsh,53.33333333333334,41.65
128,HR Walsh,RL Chase,29.125,27.26
129,R Shepherd,HR Walsh,13.0,11.0
130,SD Hope,HR Walsh,70.44444444444444,52.4
131,HR Walsh,FA Allen,39.0,19.0
132,HR Walsh,SO Hetmyer,40.0,39.5
133,HR Walsh,K Pierre,64.0,21.0
134,AR Nurse,SW Ambris,63.33333333333334,45.56
135,RA Reifer,SW Ambris,49.5,37.88
136,ML Cummins,SW Ambris,38.0,35.81
137,E Lewis,SW Ambris,108.0,68.03
138,SW Ambris,RL Chase,55.2,53.64
139,SW Ambris,JD Campbell,179.0,83.98
140,SD Hope,SW Ambris,103.46153846153848,78.78
141,SW Ambris,FA Allen,66.42857142857143,45.38
142,SO Dowrich,SW Ambris,44.0,40.38
143,JE Taylor,SW Ambris,38.0,37.7
144,SO Hetmyer,SW Ambris,77.0,65.88
145,SW Ambris,KAJ Roach,54.5,38.56
146,MN Samuels,SW Ambris,70.0,67.43
147,JN Mohammed,SW Ambris,63.0,59.33
148,E Lewis,J Charles,70.66666666666667,54.9
149,CH Gayle,J Charles,64.0,61.86
150,CR Brathwaite,J Charles,35.266666666666666,35.17
151,J Charles,KA Pollard,50.77777777777778,41.89
152,R Rampaul,J Charles,45.0,22.75
153,JE Taylor,J Charles,38.57142857142857,24.57
154,SJ Benn,J Charles,25.41666666666667,25.25
155,MN Samuels,J Charles,67.30769230769229,54.3
156,JN Mohammed,J Charles,87.0,46.2
157,J Blackwood,J Charles,49.0,26.75
158,AD Russell,DJG Sammy,48.8,46.64
159,DJG Sammy,CH Gayle,69.4,69.00999999999999
160,DJG Sammy,CR Brathwaite,45.0,42.32
161,DJG Sammy,LMP Simmons,58.33333333333334,57.23
162,JO Holder,DJG Sammy,47.5,47.22
163,DJG Sammy,DR Smith,51.0,49.099999999999994
164,DJG Sammy,KAJ Roach,57.5,32.58
165,MN Samuels,DJG Sammy,67.5,61.449999999999996
166,AR Nurse,RR Beaton,22.0,18.68
167,AR Nurse,C Hemraj,29.33333333333333,21.18
168,AR Nurse,CAK Walton,31.25,20.18
169,AR Nurse,OC McCoy,40.0,11.18
170,AR Nurse,D Bishoo,18.40909090909091,17.1
171,AR Nurse,JD Campbell,65.8,60.78
172,AR Nurse,CH Gayle,58.55,51.79
173,AR Nurse,CR Brathwaite,30.0625,25.1
174,AR Nurse,KOA Powell,32.230769230769226,25.509999999999998
175,AR Nurse,JO Holder,32.25581395348837,30.0
176,AR Nurse,SO Dowrich,25.0,17.18
177,AR Nurse,SO Hetmyer,50.94736842105264,42.68
178,AR Nurse,KAJ Roach,16.083333333333332,15.36
179,AR Nurse,JN Mohammed,37.476190476190474,36.129999999999995
180,AR Nurse,AS Joseph,21.83333333333333,15.83
181,AR Nurse,O Thomas,15.125,12.9
182,AD Russell,D Bishoo,42.0,24.159999999999997
183,AD Russell,CR Brathwaite,33.714285714285715,32.16
184,AD Russell,JO Holder,39.058823529411775,37.06
185,AD Russell,DR Smith,40.7,38.94
186,AD Russell,MN Samuels,56.66666666666666,51.28999999999999
187,AD Russell,AS Joseph,42.0,22.89
188,E Lewis,RR Beaton,50.5,41.15
189,SD Hope,RA Reifer,84.0,47.9
190,JO Holder,RA Reifer,34.5,22.32
191,E Lewis,D Ramdin,59.0,55.22
192,KC Brathwaite,D Ramdin,54.66666666666666,43.79
193,D Ramdin,KA Pollard,52.3,42.21
194,SJ Benn,D Ramdin,30.8125,25.57
195,MN Samuels,D Ramdin,60.82608695652174,54.62
196,D Ramdin,AS Joseph,36.5,26.22
197,C Hemraj,OC McCoy,15.0,10.0
198,C Hemraj,D Bishoo,16.333333333333332,15.92
199,SD Hope,C Hemraj,86.2,54.4
200,C Hemraj,KOA Powell,38.0,24.33
201,JO Holder,C Hemraj,54.0,28.82
202,C Hemraj,SO Hetmyer,44.0,41.5
203,C Hemraj,KAJ Roach,20.0,14.18
204,C Hemraj,KMA Paul,25.0,21.61
205,E Lewis,ML Cummins,42.0,35.08
206,KC Brathwaite,ML Cummins,24.0,23.65
207,ML Cummins,CH Gayle,46.66666666666666,42.04
208,JO Holder,ML Cummins,29.66666666666667,20.25
209,JN Mohammed,ML Cummins,27.66666666666667,26.38
210,ML Cummins,AS Joseph,8.0,6.08
211,CAK Walton,V Permaul,27.0,17.0
212,CAK Walton,D Bishoo,17.333333333333332,14.92
213,NO Miller,CAK Walton,20.0,15.67
214,CAK Walton,KOA Powell,43.66666666666666,23.33
215,JO Holder,CAK Walton,40.25,27.82
216,JN Mohammed,CAK Walton,47.0,33.95
217,CAK Walton,AS Joseph,16.0,13.65
218,E Lewis,BA King,76.5,57.9
219,RL Chase,BA King,53.33333333333334,43.510000000000005
220,R Shepherd,BA King,28.66666666666667,27.25
221,BA King,O Thomas,38.0,25.97
222,SD Hope,OC McCoy,95.0,44.4
223,OC McCoy,KOA Powell,21.0,14.33
224,JO Holder,OC McCoy,32.0,18.82
225,SO Hetmyer,OC McCoy,37.0,31.5
226,KAJ Roach,OC McCoy,15.0,4.18
227,E Lewis,RL Chase,55.8,52.91
228,R Shepherd,E Lewis,37.2,36.65
229,E Lewis,KA Pollard,55.88888888888889,54.29
230,E Lewis,FA Allen,53.5,44.65
231,E Lewis,JE Taylor,67.33333333333333,36.97
232,E Lewis,KAJ Roach,40.0,37.83
233,SJ Benn,E Lewis,71.66666666666667,37.65
234,E Lewis,AS Joseph,42.4,38.3
235,E Lewis,N Pooran,79.4,74.17
236,E Lewis,O Thomas,43.42857142857143,35.37
237,R Shepherd,RL Chase,38.5,22.26
238,RL Chase,JD Campbell,179.0,68.86
239,SD Hope,RL Chase,84.74074074074075,63.66
240,SO Dowrich,RL Chase,57.0,25.26
241,RL Chase,KMA Paul,34.36363636363637,30.87
242,N Pooran,RL Chase,61.53846153846154,59.78
243,SD Hope,V Permaul,79.0,52.4
244,V Permaul,KOA Powell,31.0,22.33
245,JN Mohammed,V Permaul,67.0,32.95
246,CH Gayle,D Bishoo,76.9,46.53
247,KOA Powell,D Bishoo,22.181818181818183,20.25
248,JO Holder,D Bishoo,25.52173913043478,24.740000000000002
249,JE Taylor,D Bishoo,9.5,9.24
250,SO Hetmyer,D Bishoo,43.846153846153854,37.42
251,KAJ Roach,D Bishoo,12.5,10.1
252,JN Mohammed,D Bishoo,39.0,30.869999999999997
253,AS Joseph,D Bishoo,18.875,10.57
254,SD Hope,R Shepherd,55.0,47.4
255,R Shepherd,K Pierre,26.0,16.0
256,SD Hope,JD Campbell,106.6,94.0
257,CH Gayle,JD Campbell,123.25,90.21000000000001
258,JD Campbell,KAJ Roach,179.0,53.78
259,KC Brathwaite,SJ Benn,29.8,26.22
260,KC Brathwaite,MN Samuels,67.0,55.269999999999996
261,KC Brathwaite,JN Mohammed,64.33333333333333,47.17
262,KC Brathwaite,AS Joseph,33.333333333333336,26.869999999999997
263,SD Hope,KA Pollard,78.33333333333333,65.03999999999999
264,SD Hope,FA Allen,59.30769230769231,55.4
265,SD Hope,SO Dowrich,115.0,50.4
266,SD Hope,KAJ Roach,60.2,48.58
267,SD Hope,KMA Paul,70.6111111111111,56.01
268,SD Hope,K Pierre,61.33333333333334,57.4
269,SD Hope,AS Joseph,52.54166666666666,49.05
270,SD Hope,N Pooran,88.34782608695652,84.92
271,NO Miller,CH Gayle,80.0,47.28
272,JO Holder,NO Miller,27.33333333333333,25.490000000000002
273,MN Samuels,NO Miller,84.5,39.72
274,CR Brathwaite,CH Gayle,56.10526315789475,54.53
275,CH Gayle,LMP Simmons,85.5,69.44
276,CH Gayle,KOA Powell,77.0,54.94
277,JO Holder,CH Gayle,61.37837837837838,59.43
278,JE Taylor,CH Gayle,47.30769230769231,43.93
279,SO Hetmyer,CH Gayle,78.81818181818181,72.11
280,N Pooran,CH Gayle,81.72727272727273,81.13
281,CH Gayle,O Thomas,54.46153846153846,42.33
282,CR Brathwaite,KA Pollard,39.0,34.56
283,R Rampaul,CR Brathwaite,19.0,15.42
284,SO Hetmyer,CR Brathwaite,46.5625,45.42
285,CR Brathwaite,KAJ Roach,26.42857142857143,18.1
286,MN Samuels,CR Brathwaite,52.16666666666666,46.97
287,JN Mohammed,CR Brathwaite,48.75,38.87
288,CR Brathwaite,AS Joseph,21.5,18.57
289,J Blackwood,CR Brathwaite,23.0,19.42
290,N Pooran,CR Brathwaite,58.7,54.440000000000005
291,CR Brathwaite,O Thomas,20.416666666666668,15.64
292,FA Allen,KA Pollard,51.5,31.64
293,JE Taylor,KA Pollard,31.0,23.96
294,SJ Benn,KA Pollard,27.3,24.64
295,MN Samuels,KA Pollard,62.1,53.69
296,K Pierre,KA Pollard,51.0,33.64
297,JO Holder,FA Allen,37.333333333333336,29.82
298,AS Joseph,FA Allen,27.0,15.65
299,N Pooran,FA Allen,71.0,51.52
300,O Thomas,FA Allen,15.5,12.72
301,JO Holder,R Rampaul,21.0,20.32
302,MN Samuels,R Rampaul,88.0,34.55
303,JO Holder,LMP Simmons,54.66666666666666,47.65
304,JE Taylor,LMP Simmons,35.0,32.15
305,KAJ Roach,LMP Simmons,55.5,33.01
306,MN Samuels,LMP Simmons,65.66666666666667,61.879999999999995
307,JO Holder,KOA Powell,36.642857142857146,33.15
308,SO Hetmyer,KOA Powell,48.5,45.83
309,KAJ Roach,KOA Powell,28.6,18.509999999999998
310,JN Mohammed,KOA Powell,46.33333333333334,39.28
311,AS Joseph,KOA Powell,26.0,18.98
312,O Thomas,KOA Powell,20.33333333333333,16.05
313,JO Holder,JE Taylor,27.94117647058824,22.14
314,JO Holder,SO Hetmyer,53.9375,50.32
315,JO Holder,KAJ Roach,27.947368421052627,23.0
316,JO Holder,MN Samuels,56.147058823529406,51.87
317,JO Holder,JN Mohammed,47.7,43.769999999999996
318,JO Holder,O Thomas,21.66666666666667,20.54
319,JE Taylor,DR Smith,25.5,24.02
320,SJ Benn,JE Taylor,8.0,7.32
321,J Blackwood,JE Taylor,10.0,8.82
322,SJ Benn,DR Smith,34.2,24.7
323,MN Samuels,DR Smith,59.7,53.75
324,JN Mohammed,SO Hetmyer,64.25,56.45
325,SO Hetmyer,AS Joseph,45.5,36.15
326,SO Hetmyer,O Thomas,34.23529411764706,33.22
327,KAJ Roach,O Thomas,8.75,5.8999999999999995
328,K Pierre,KMA Paul,33.5,24.61
329,O Thomas,KMA Paul,19.666666666666668,13.33
330,J Blackwood,MN Samuels,92.0,38.55
331,K Pierre,AS Joseph,18.33333333333333,17.65
332,N Pooran,K Pierre,85.0,53.52
333,N Pooran,O Thomas,43.90909090909091,42.24
