,player-1,player-2,combined_avg,sum_of_individual
0,C Hemraj,OC McCoy,15.0,10.0
1,OC McCoy,SD Hope,95.0,44.4
2,OC McCoy,KOA Powell,21.0,14.33
3,AR Nurse,OC McCoy,40.0,11.18
4,OC McCoy,KAJ Roach,15.0,4.18
5,SO Hetmyer,OC McCoy,37.0,31.5
6,JO Holder,OC McCoy,32.0,18.82
7,D Bishoo,JE Taylor,9.5,9.24
8,J Charles,JE Taylor,38.57142857142857,24.57
9,ADS Fletcher,JE Taylor,14.666666666666666,13.120000000000001
10,KA Pollard,JE Taylor,31.0,23.96
11,SJ Benn,JE Taylor,8.0,7.32
12,LMP Simmons,JE Taylor,35.0,32.15
13,DM Bravo,JE Taylor,28.625,26.16
14,CH Gayle,JE Taylor,47.30769230769231,43.93
15,DR Smith,JE Taylor,25.5,24.02
16,JO Holder,JE Taylor,27.941176470588236,22.14
17,D Bishoo,C Hemraj,16.333333333333332,15.92
18,D Bishoo,JL Carter,33.5,24.200000000000003
19,D Bishoo,AS Joseph,18.875,10.57
20,D Bishoo,KOA Powell,22.181818181818183,20.25
21,D Bishoo,JN Mohammed,39.0,30.869999999999997
22,D Bishoo,AR Nurse,18.40909090909091,17.1
23,D Bishoo,KAJ Roach,12.5,10.1
24,D Bishoo,SO Hetmyer,43.84615384615385,37.42
25,D Bishoo,DM Bravo,29.142857142857142,28.759999999999998
26,D Bishoo,CH Gayle,76.9,46.53
27,D Bishoo,KA Hope,41.666666666666664,28.92
28,D Bishoo,JO Holder,25.52173913043478,24.740000000000002
29,D Bishoo,CAK Walton,17.333333333333332,14.92
30,C Hemraj,SD Hope,86.2,54.4
31,C Hemraj,KOA Powell,38.0,24.33
32,C Hemraj,AR Nurse,29.333333333333332,21.18
33,C Hemraj,KAJ Roach,20.0,14.18
34,C Hemraj,SO Hetmyer,44.0,41.5
35,KMA Paul,C Hemraj,25.0,21.61
36,JO Holder,C Hemraj,54.0,28.82
37,JL Carter,AS Joseph,28.333333333333332,22.93
38,R Powell,JL Carter,45.5,40.42
39,JL Carter,SD Hope,74.17647058823529,62.68
40,JL Carter,KOA Powell,37.0,32.61
41,JL Carter,MN Samuels,57.916666666666664,51.33
42,JL Carter,JN Mohammed,50.9,43.230000000000004
43,AR Nurse,JL Carter,33.35294117647059,29.46
44,JL Carter,ST Gabriel,20.46153846153846,19.28
45,KC Brathwaite,JL Carter,59.166666666666664,40.5
46,SJ Benn,JL Carter,31.857142857142858,22.28
47,JL Carter,SW Ambris,67.0,52.660000000000004
48,JL Carter,E Lewis,56.25,51.93
49,JL Carter,LR Johnson,27.0,24.61
50,JO Holder,JL Carter,39.642857142857146,37.1
51,JD Campbell,JL Carter,179.0,67.88
52,CR Brathwaite,JL Carter,34.75,32.2
53,AS Joseph,SD Hope,52.541666666666664,49.05
54,AS Joseph,KOA Powell,26.0,18.98
55,AR Nurse,AS Joseph,21.833333333333332,15.83
56,AS Joseph,K Pierre,18.333333333333332,17.65
57,AS Joseph,ST Gabriel,9.4,5.65
58,KC Brathwaite,AS Joseph,33.333333333333336,26.869999999999997
59,SO Hetmyer,AS Joseph,45.5,36.15
60,AS Joseph,KA Hope,40.666666666666664,27.65
61,AS Joseph,FA Allen,27.0,15.65
62,D Ramdin,AS Joseph,36.5,26.22
63,AS Joseph,E Lewis,42.4,38.3
64,CR Brathwaite,AS Joseph,21.5,18.57
65,AS Joseph,CAK Walton,16.0,13.65
66,J Charles,MN Samuels,67.3076923076923,54.3
67,J Charles,ADS Fletcher,38.5,31.05
68,J Charles,KA Pollard,50.77777777777778,41.89
69,J Charles,SJ Benn,25.416666666666668,25.25
70,J Charles,DM Bravo,55.583333333333336,44.09
71,J Charles,CH Gayle,64.0,61.86
72,J Charles,SP Narine,32.5,27.48
73,J Charles,E Lewis,70.66666666666667,54.9
74,J Charles,CR Brathwaite,35.266666666666666,35.17
75,R Powell,KOK Williams,44.166666666666664,25.310000000000002
76,R Powell,ST Gabriel,25.5,23.14
77,R Powell,KAJ Roach,27.9,26.32
78,R Powell,SO Hetmyer,57.75,53.64
79,R Powell,SJ Benn,36.0,26.14
80,R Powell,E Lewis,66.15789473684211,55.79
81,JO Holder,R Powell,50.125,40.96
82,R Powell,CR Brathwaite,45.0,36.06
83,SD Hope,RL Chase,84.74074074074075,63.66
84,SD Hope,K Pierre,61.333333333333336,57.4
85,SD Hope,KAJ Roach,60.2,48.58
86,SD Hope,SS Cottrell,52.206896551724135,47.11
87,KA Pollard,SD Hope,78.33333333333333,65.03999999999999
88,KMA Paul,SD Hope,70.61111111111111,56.01
89,SD Hope,DM Bravo,90.23529411764706,67.24
90,SD Hope,SW Ambris,103.46153846153847,78.78
91,SD Hope,HR Walsh,70.44444444444444,52.4
92,SD Hope,FA Allen,59.30769230769231,55.4
93,R Shepherd,SD Hope,55.0,47.4
94,N Pooran,SD Hope,88.34782608695652,84.92
95,JD Campbell,SD Hope,106.6,94.0
96,KOA Powell,JN Mohammed,46.333333333333336,39.28
97,AR Nurse,KOA Powell,32.23076923076923,25.509999999999998
98,KOA Powell,ST Gabriel,17.428571428571427,15.33
99,KOA Powell,KAJ Roach,28.6,18.509999999999998
100,SO Hetmyer,KOA Powell,48.5,45.83
101,KOA Powell,CH Gayle,77.0,54.94
102,JO Holder,KOA Powell,36.642857142857146,33.15
103,KOA Powell,CAK Walton,43.666666666666664,23.33
104,AD Russell,MN Samuels,56.666666666666664,51.28999999999999
105,DJG Sammy,MN Samuels,67.5,61.449999999999996
106,ADS Fletcher,MN Samuels,53.1,42.849999999999994
107,ST Gabriel,MN Samuels,39.2,34.05
108,SS Cottrell,MN Samuels,60.5,35.76
109,KA Pollard,MN Samuels,62.1,53.69
110,LMP Simmons,MN Samuels,65.66666666666667,61.879999999999995
111,DM Bravo,MN Samuels,64.33333333333333,55.89
112,NO Miller,MN Samuels,84.5,39.72
113,DR Smith,MN Samuels,59.7,53.75
114,D Ramdin,MN Samuels,60.82608695652174,54.62
115,SP Narine,MN Samuels,48.46153846153846,39.28
116,LR Johnson,MN Samuels,46.333333333333336,39.379999999999995
117,JO Holder,MN Samuels,56.14705882352941,51.87
118,CR Brathwaite,MN Samuels,52.166666666666664,46.97
119,AR Nurse,JN Mohammed,37.476190476190474,36.129999999999995
120,ST Gabriel,JN Mohammed,32.5,25.95
121,KC Brathwaite,JN Mohammed,64.33333333333333,47.17
122,SO Hetmyer,JN Mohammed,64.25,56.45
123,SW Ambris,JN Mohammed,63.0,59.33
124,JO Holder,JN Mohammed,47.7,43.769999999999996
125,CR Brathwaite,JN Mohammed,48.75,38.87
126,CAK Walton,JN Mohammed,47.0,33.95
127,AD Russell,DJG Sammy,48.8,46.64
128,AD Russell,SS Cottrell,21.333333333333332,20.95
129,AD Russell,DM Bravo,43.2,41.08
130,AD Russell,DR Smith,40.7,38.94
131,AD Russell,LR Johnson,34.0,24.57
132,JO Holder,AD Russell,39.05882352941177,37.06
133,AD Russell,CR Brathwaite,33.714285714285715,32.16
134,DJG Sammy,SS Cottrell,40.5,31.11
135,LMP Simmons,DJG Sammy,58.333333333333336,57.23
136,DJG Sammy,DM Bravo,84.0,51.239999999999995
137,DJG Sammy,CH Gayle,69.4,69.00999999999999
138,DJG Sammy,DR Smith,51.0,49.099999999999994
139,JO Holder,DJG Sammy,47.5,47.22
140,CR Brathwaite,DJG Sammy,45.0,42.32
141,O Thomas,AR Nurse,15.125,12.9
142,AR Nurse,ST Gabriel,12.8125,12.18
143,AR Nurse,KAJ Roach,16.083333333333332,15.36
144,SO Hetmyer,AR Nurse,50.94736842105263,42.68
145,AR Nurse,SS Cottrell,13.923076923076923,13.89
146,AR Nurse,SW Ambris,63.333333333333336,45.56
147,AR Nurse,CH Gayle,58.55,51.79
148,AR Nurse,KA Hope,34.5,34.18
149,JO Holder,AR Nurse,32.25581395348837,30.0
150,JD Campbell,AR Nurse,65.8,60.78
151,CR Brathwaite,AR Nurse,30.0625,25.1
152,AR Nurse,CAK Walton,31.25,20.18
153,O Thomas,KAJ Roach,8.75,5.8999999999999995
154,SO Hetmyer,O Thomas,34.23529411764706,33.22
155,O Thomas,SS Cottrell,5.25,4.43
156,KMA Paul,O Thomas,19.666666666666668,13.33
157,O Thomas,DM Bravo,27.75,24.56
158,O Thomas,CH Gayle,54.46153846153846,42.33
159,BA King,O Thomas,38.0,25.97
160,O Thomas,FA Allen,15.5,12.72
161,N Pooran,O Thomas,43.90909090909091,42.24
162,O Thomas,E Lewis,43.42857142857143,35.37
163,JO Holder,O Thomas,21.666666666666668,20.54
164,CR Brathwaite,O Thomas,20.416666666666668,15.64
165,KA Pollard,ADS Fletcher,42.0,30.44
166,SJ Benn,ADS Fletcher,14.142857142857142,13.8
167,DM Bravo,ADS Fletcher,38.3,32.64
168,D Ramdin,ADS Fletcher,34.22222222222222,31.37
169,JO Holder,ADS Fletcher,28.666666666666668,28.62
170,SS Cottrell,RL Chase,27.785714285714285,21.970000000000002
171,KMA Paul,RL Chase,34.36363636363637,30.87
172,SW Ambris,RL Chase,55.2,53.64
173,HR Walsh,RL Chase,29.125,27.26
174,BA King,RL Chase,53.333333333333336,43.510000000000005
175,R Shepherd,RL Chase,38.5,22.26
176,N Pooran,RL Chase,61.53846153846154,59.78
177,E Lewis,RL Chase,55.8,52.91
178,JD Campbell,RL Chase,179.0,68.86
179,KA Pollard,K Pierre,51.0,33.64
180,HR Walsh,K Pierre,64.0,21.0
181,R Shepherd,K Pierre,26.0,16.0
182,N Pooran,K Pierre,85.0,53.52
183,KOK Williams,ST Gabriel,16.0,4.17
184,KOK Williams,SO Hetmyer,40.5,34.67
185,KOK Williams,KA Hope,34.333333333333336,26.17
186,JO Holder,KOK Williams,29.166666666666668,21.990000000000002
187,SS Cottrell,ST Gabriel,4.625,3.71
188,KA Pollard,ST Gabriel,25.6,21.64
189,SJ Benn,ST Gabriel,6.714285714285714,5.0
190,SW Ambris,ST Gabriel,52.6,35.38
191,FA Allen,ST Gabriel,18.0,12.0
192,N Pooran,ST Gabriel,69.66666666666667,41.52
193,D Ramdin,ST Gabriel,37.2,22.57
194,SP Narine,ST Gabriel,10.8,7.23
195,E Lewis,ST Gabriel,37.0,34.65
196,JD Campbell,ST Gabriel,179.0,50.6
197,CR Brathwaite,ST Gabriel,16.8,14.92
198,CAK Walton,ST Gabriel,12.0,10.0
199,SS Cottrell,KAJ Roach,10.75,6.89
200,SW Ambris,KAJ Roach,54.5,38.56
201,E Lewis,KAJ Roach,40.0,37.83
202,JO Holder,KAJ Roach,27.94736842105263,23.0
203,JD Campbell,KAJ Roach,179.0,53.78
204,CR Brathwaite,KAJ Roach,26.428571428571427,18.1
205,SJ Benn,KC Brathwaite,29.8,26.22
206,KC Brathwaite,D Ramdin,54.666666666666664,43.79
207,SO Hetmyer,SS Cottrell,34.476190476190474,34.21
208,SO Hetmyer,SW Ambris,77.0,65.88
209,SO Hetmyer,CH Gayle,78.81818181818181,72.11
210,SO Hetmyer,HR Walsh,40.0,39.5
211,JO Holder,SO Hetmyer,53.9375,50.32
212,CR Brathwaite,SO Hetmyer,46.5625,45.42
213,HR Walsh,SS Cottrell,11.428571428571429,10.71
214,FA Allen,SS Cottrell,19.714285714285715,13.71
215,R Shepherd,SS Cottrell,7.0,5.71
216,N Pooran,SS Cottrell,47.1578947368421,43.230000000000004
217,LR Johnson,SS Cottrell,19.0,9.04
218,JD Campbell,SS Cottrell,54.5,52.31
219,CR Brathwaite,SS Cottrell,21.692307692307693,16.63
220,KA Pollard,SJ Benn,27.3,24.64
221,KA Pollard,DM Bravo,52.30769230769231,43.480000000000004
222,KA Pollard,FA Allen,51.5,31.64
223,KA Pollard,D Ramdin,52.3,42.21
224,KA Pollard,SP Narine,31.9,26.87
225,KA Pollard,E Lewis,55.888888888888886,54.29
226,KA Pollard,CR Brathwaite,39.0,34.56
227,SJ Benn,DM Bravo,35.18181818181818,26.84
228,SJ Benn,DR Smith,34.2,24.7
229,SJ Benn,D Ramdin,30.8125,25.57
230,SJ Benn,E Lewis,71.66666666666667,37.65
231,LMP Simmons,DM Bravo,100.5,51.67
232,LMP Simmons,CH Gayle,85.5,69.44
233,JO Holder,LMP Simmons,54.666666666666664,47.65
234,KMA Paul,DM Bravo,46.0,34.45
235,CH Gayle,DM Bravo,89.375,63.45
236,DM Bravo,HR Walsh,34.5,30.84
237,DM Bravo,DR Smith,45.0,43.54
238,D Ramdin,DM Bravo,53.142857142857146,44.41
239,SP Narine,DM Bravo,35.07692307692308,29.07
240,JD Campbell,DM Bravo,78.0,72.44
241,CR Brathwaite,DM Bravo,42.11764705882353,36.76
242,FA Allen,SW Ambris,66.42857142857143,45.38
243,E Lewis,SW Ambris,108.0,68.03
244,JD Campbell,SW Ambris,179.0,83.98
245,NO Miller,CH Gayle,80.0,47.28
246,N Pooran,CH Gayle,81.72727272727273,81.13
247,JO Holder,CH Gayle,61.37837837837838,59.43
248,JD Campbell,CH Gayle,123.25,90.21000000000001
249,CR Brathwaite,CH Gayle,56.10526315789474,54.53
250,BA King,HR Walsh,35.75,32.25
251,FA Allen,HR Walsh,39.0,19.0
252,R Shepherd,HR Walsh,13.0,11.0
253,E Lewis,HR Walsh,53.333333333333336,41.65
254,R Shepherd,BA King,28.666666666666668,27.25
255,BA King,E Lewis,76.5,57.9
256,JO Holder,NO Miller,27.333333333333332,25.490000000000002
257,N Pooran,FA Allen,71.0,51.52
258,FA Allen,E Lewis,53.5,44.65
259,JO Holder,FA Allen,37.333333333333336,29.82
260,R Shepherd,E Lewis,37.2,36.65
261,N Pooran,E Lewis,79.4,74.17
262,N Pooran,CR Brathwaite,58.7,54.440000000000005
263,LR Johnson,DR Smith,37.333333333333336,27.03
264,D Ramdin,SP Narine,30.833333333333332,27.8
265,D Ramdin,LR Johnson,36.666666666666664,27.9
266,CR Brathwaite,LR Johnson,29.0,20.25
267,JO Holder,CAK Walton,40.25,27.82
